{"cameraMode":{"drawMode":0,"name":"Shaded","section":"Shading Mode"},"sceneLighting":true,"audioPlay":false,"sceneViewState":{"m_AlwaysRefresh":false,"showFog":true,"showSkybox":true,"showFlares":true,"showImageEffects":true,"showParticleSystems":true,"showVisualEffectGraphs":true,"m_FxEnabled":true},"in2DMode":false,"pivot":{"x":7.250906467437744,"y":-0.06666779518127442,"z":-21.83095932006836},"rotation":{"x":-0.0017899153754115105,"y":0.997744619846344,"z":-0.06024652719497681,"w":-0.029640614986419679},"size":12.590389251708985,"orthographic":false}