{"cameraMode":{"drawMode":0,"name":"Shaded","section":"Shading Mode"},"sceneLighting":true,"audioPlay":false,"sceneViewState":{"m_AlwaysRefresh":false,"showFog":true,"showSkybox":true,"showFlares":true,"showImageEffects":true,"showParticleSystems":true,"showVisualEffectGraphs":true,"m_FxEnabled":true},"in2DMode":false,"pivot":{"x":3.7421817779541017,"y":1.9808000326156617,"z":1.383164644241333},"rotation":{"x":0.03148216754198074,"y":-0.9599984884262085,"z":0.12044070661067963,"w":0.2508673667907715},"size":0.029779624193906785,"orthographic":false}