{"cameraMode":{"drawMode":0,"name":"Shaded","section":"Shading Mode"},"sceneLighting":false,"audioPlay":false,"sceneViewState":{"m_AlwaysRefresh":false,"showFog":true,"showSkybox":false,"showFlares":true,"showImageEffects":true,"showParticleSystems":true,"showVisualEffectGraphs":true,"m_FxEnabled":true},"in2DMode":false,"pivot":{"x":-0.9426881074905396,"y":1.8555986881256104,"z":0.7679970264434815},"rotation":{"x":-0.13058869540691377,"y":-0.8594164252281189,"z":0.27180251479148867,"w":-0.4129159152507782},"size":0.2157263159751892,"orthographic":false}