{"cameraMode":{"drawMode":0,"name":"Shaded","section":"Shading Mode"},"sceneLighting":false,"audioPlay":false,"sceneViewState":{"m_AlwaysRefresh":false,"showFog":true,"showSkybox":false,"showFlares":true,"showImageEffects":true,"showParticleSystems":true,"showVisualEffectGraphs":true,"m_FxEnabled":true},"in2DMode":false,"pivot":{"x":2.6192352771759035,"y":1.181398630142212,"z":-1.0001620054244996},"rotation":{"x":-0.045656122267246249,"y":-0.9501203298568726,"z":0.16731281578540803,"w":-0.25926870107650759},"size":0.943398118019104,"orthographic":false}