{"cameraMode":{"drawMode":0,"name":"Shaded","section":"Shading Mode"},"sceneLighting":false,"audioPlay":false,"sceneViewState":{"m_AlwaysRefresh":false,"showFog":true,"showSkybox":false,"showFlares":true,"showImageEffects":true,"showParticleSystems":true,"showVisualEffectGraphs":true,"m_FxEnabled":true},"in2DMode":false,"pivot":{"x":0.8842847347259522,"y":1.1078517436981202,"z":-1.5450074672698975},"rotation":{"x":0.013525965623557568,"y":-0.8944945931434631,"z":0.027118932455778123,"w":0.44608330726623537},"size":1.7435834407806397,"orthographic":false}