{"cameraMode":{"drawMode":0,"name":"Shaded","section":"Shading Mode"},"sceneLighting":false,"audioPlay":false,"sceneViewState":{"m_AlwaysRefresh":false,"showFog":true,"showSkybox":false,"showFlares":true,"showImageEffects":true,"showParticleSystems":true,"showVisualEffectGraphs":true,"m_FxEnabled":true},"in2DMode":false,"pivot":{"x":2.050964593887329,"y":1.2194833755493165,"z":-0.2682082951068878},"rotation":{"x":0.011447062715888024,"y":-0.5593787431716919,"z":0.007723319809883833,"w":0.8288149833679199},"size":2.0792558193206789,"orthographic":false}